culture,category_index,scientific_name
anindilyakwa,1,Sula leucogaster
anindilyakwa,2,Fregata ariel
anindilyakwa,3,Pandion haliaetus
anindilyakwa,4,Haliastur indus
anindilyakwa,5,Haliaeetus leucogaster
anindilyakwa,6,Hydroprogne caspia
anindilyakwa,6,Sterna bergii
anindilyakwa,7,Sterna hirundo
anindilyakwa,7,Sterna bengalensis
anindilyakwa,7,Sterna dougalli
anindilyakwa,7,Sterna sumatrana
anindilyakwa,7,Gelochelidon nilotica
anindilyakwa,8,Sterna albifrons
anindilyakwa,9,Sterna anaethetus
anindilyakwa,9,Anous stolidus
anindilyakwa,9,Sterna leucoptera
anindilyakwa,10,Larus novaehollandiae
anindilyakwa,11,Pelecanus conspicillatus
anindilyakwa,12,Anhinga melanogaster
anindilyakwa,13,Phalacrocorax carbo
anindilyakwa,13,Phalacrocorax melanoleucos
anindilyakwa,13,Phalacrocorax sulcirostris
anindilyakwa,13,Phalacrocorax varius
anindilyakwa,14,Haematopus ostralegus
anindilyakwa,14,Haematopus fuliginosus
anindilyakwa,15,Burhinus neglectus
anindilyakwa,16,Numenius madagascariensis
anindilyakwa,16,Numenius phaeopus
anindilyakwa,16,Numenius minutus
anindilyakwa,17,Plegadis falcinellus
anindilyakwa,18,Charadrius leschenaultii
anindilyakwa,18,Charadrius mongolus
anindilyakwa,18,Charadrius ruficapillus
anindilyakwa,18,Charadrius veredus
anindilyakwa,18,Arenaria interpres
anindilyakwa,18,Tringa brevipes
anindilyakwa,18,Tringa hypoleucos
anindilyakwa,18,Tringa nebularia
anindilyakwa,18,Tringa stagnatilis
anindilyakwa,18,Tringa terek
anindilyakwa,18,Gallinago hardwickii
anindilyakwa,18,Limosa lapponica
anindilyakwa,18,Calidris acuminata
anindilyakwa,18,Calidris alba
anindilyakwa,18,Calidris canutus
anindilyakwa,18,Calidris ferruginea
anindilyakwa,18,Calidris ruficollis
anindilyakwa,18,Stiltia isabella
anindilyakwa,18,Megalurus timoriensis
anindilyakwa,19,Xenorhynchus asiaticus
anindilyakwa,20,Grus rubicundus
anindilyakwa,20,Grus antigone
anindilyakwa,21,Eulabeornis castaneoventris
anindilyakwa,22,Himantopus himantopus
anindilyakwa,23,Vanellus miles
anindilyakwa,24,Tadorna radjah
anindilyakwa,25,Anas supercillosa
anindilyakwa,25,Anas gibberifrons
anindilyakwa,25,Dendrocygna arcuata
anindilyakwa,25,Dendrocygna eytoni
anindilyakwa,25,Nettatus pulchellus
anindilyakwa,25,Tachybaptus novaehollandiae
anindilyakwa,26,Gallinula tenebrosa
anindilyakwa,27,Anseranas semipalmata
anindilyakwa,28,Platalea flavipes
anindilyakwa,28,Platalea regia
anindilyakwa,28,Threskiornis molucca
anindilyakwa,29,Ardea novaehollandiae
anindilyakwa,29,Nycticorax caledonicus
anindilyakwa,29,Ixobrychus minutus
anindilyakwa,29,Dupetor flavicollis
anindilyakwa,30,Butorides striatus
anindilyakwa,31,Ardea sumatrana
anindilyakwa,32,Egretta sacra
anindilyakwa,33,Egretta alba
anindilyakwa,33,Egretta garzetta
anindilyakwa,33,Egretta intermedia
anindilyakwa,33,Egretta sacra
anindilyakwa,34,Ardea pacifica
anindilyakwa,34,Ardea picata
anindilyakwa,35,Accipiter fasciatus
anindilyakwa,35,Accipiter cirrhocephalus
anindilyakwa,35,Aviceda subcrista
anindilyakwa,35,Circus assimilis
anindilyakwa,35,Elanus notatus
anindilyakwa,35,Milvus migrans
anindilyakwa,35,Falco berigora
anindilyakwa,35,Falco cenchroides
anindilyakwa,35,Falco longipennis
anindilyakwa,35,Falco peregrinus
anindilyakwa,35,Aegotheles cristatus
anindilyakwa,36,Haliastur sphenurus
anindilyakwa,36,Hieraaetus morphnoides
anindilyakwa,36,Lophoictinia isura
anindilyakwa,36,Falco subniger
anindilyakwa,37,Aquila audax
anindilyakwa,38,Ninox novaeseelandiae
anindilyakwa,39,Podargus strigoides
anindilyakwa,40,Caprimulgus guttatus
anindilyakwa,40,Caprimulgus macrurus
anindilyakwa,41,Tyto alba
anindilyakwa,42,Chalcophaps indica
anindilyakwa,42,Phaps chalcoptera
anindilyakwa,42,Ptilinopus regina
anindilyakwa,43,Geopelia striata
anindilyakwa,43,Geopelia humeralis
anindilyakwa,43,Geopelia cuneata
anindilyakwa,44,Coturnix ypsilophorus
anindilyakwa,44,Coturnix chinensis
anindilyakwa,44,Turnix maculosa
anindilyakwa,44,Turnix castanota
anindilyakwa,45,Duculus spilorrhoa
anindilyakwa,46,Philemon argenticeps
anindilyakwa,46,Philemon buceroides
anindilyakwa,46,Philemon citreogularis
anindilyakwa,47,Oriolus flavocinctus
anindilyakwa,47,Oriolus sagittatus
anindilyakwa,47,Sphecotheres viridis
anindilyakwa,47,Coracina tenuirostris
anindilyakwa,47,Lalage sueurii
anindilyakwa,47,Lalage leucomela
anindilyakwa,47,Cuculus saturatus
anindilyakwa,48,Chlamydera nuchalis
anindilyakwa,49,Pitta iris
anindilyakwa,50,Dicrurus hottentottus
anindilyakwa,51,Coracina novaehollandiae
anindilyakwa,51,Coracina papuensis
anindilyakwa,52,Myiagra alecto
anindilyakwa,52,Myiagra inquieta
anindilyakwa,52,Myiagra rubecula
anindilyakwa,52,Myiagra ruficoilis
anindilyakwa,52,Rhipidura leucophrys
anindilyakwa,52,Rhipidura fuliginosa
anindilyakwa,52,Rhipidura rufifrons
anindilyakwa,52,Rhipidura rufiventris
anindilyakwa,52,Cuculus pyrrhophanus
anindilyakwa,53,Pomatostomus temporalis
anindilyakwa,54,Lichenostomus unicolor
anindilyakwa,54,Lichenostomus virescens
anindilyakwa,54,Lichmera indistincta
anindilyakwa,54,Melithreptus albogularis
anindilyakwa,54,Myzomela erythrocephala
anindilyakwa,54,Myzomela obscura
anindilyakwa,54,Ramsayornis fasciatus
anindilyakwa,54,Conopophila albogularis
anindilyakwa,54,Gerygone chloronota
anindilyakwa,54,Gerygone levigaster
anindilyakwa,54,Gerygone magnirostris
anindilyakwa,54,Gerygone olivacea
anindilyakwa,54,Smicrornis brevirostris
anindilyakwa,55,Colluricincla harmonica
anindilyakwa,55,Colluricincla megarhyncha
anindilyakwa,55,Cuculus variolosus
anindilyakwa,56,Cracticus nigrogularis
anindilyakwa,56,Gymnorhina tibicen
anindilyakwa,57,Grallina cyanoleuca
anindilyakwa,58,Centropus phasianinus
anindilyakwa,59,Megapodius freycinet
anindilyakwa,60,Eudynamys scolopacea
anindilyakwa,61,Scythrops novaehollandiae
anindilyakwa,62,Cacatua galerita
anindilyakwa,62,Cacatua sanguinea
anindilyakwa,63,Calyptorhynchus magnificus
anindilyakwa,64,Aprosmictus erythropterus
anindilyakwa,64,Trichoglossus chlorolepidotus
anindilyakwa,64,Psitteuteles versicolor
anindilyakwa,65,Trichoglossus rubritorquis
anindilyakwa,66,Burhinus magnirostris
anindilyakwa,67,Corvus orru
anindilyakwa,68,Dacelo leachii
anindilyakwa,69,Ceyx azureus
anindilyakwa,69,Ceyx pusillus
anindilyakwa,69,Halcyon chloris
anindilyakwa,69,Halcyon macleayii
anindilyakwa,69,Halcyon pyrrhopygia
anindilyakwa,69,Halcyon sancta
anindilyakwa,70,Merops ornatus
anindilyakwa,71,Pardalotus striatus
anindilyakwa,72,Artamus leucorhynchus
anindilyakwa,72,Artamus minor
anindilyakwa,73,Poephila bichenovii
anindilyakwa,73,Poephila guttata
anindilyakwa,73,Neochmia ruficauda
anindilyakwa,73,Neochmia phaeton
anindilyakwa,73,Lonchura castaneothorax
anindilyakwa,73,Malurus melanocephalus
anindilyakwa,74,Chrysococcyx basalis
anindilyakwa,74,Chrysococcyx malayanus
montagnais,1,Gavia immer
montagnais,1,Gavia stellata
montagnais,2,Morus bassanus
montagnais,3,Phalacrocorax auritus
montagnais,3,Phalacrocorax carbo
montagnais,4,Botaurus lentiginosus
montagnais,5,Branta canadensis
montagnais,5,Branta bernicla
montagnais,5,Chen caerulescens
montagnais,6,Anus rubripes
montagnais,6,Anus acuta
montagnais,6,Anus carolinensis
montagnais,6,Anus discors
montagnais,7,Bucephala clangula
montagnais,7,Bucephala islandica
montagnais,7,Aythya collaris
montagnais,7,Aythya marila
montagnais,7,Aythya affinis
montagnais,8,Clangula hyemalis
montagnais,9,Histrionicus histrionicus
montagnais,10,Somateria mollissima
montagnais,10,Somateria mollissima
montagnais,10,Somateria spectabilis
montagnais,11,Melanitta deglandi
montagnais,11,Melanitta perspicillata
montagnais,11,Oidemia nigra
montagnais,12,Mergus serrator
montagnais,12,Mergus merganser
montagnais,13,Larus argentatus
montagnais,13,Larus hyperboreus
montagnais,13,Larus glaucoides
montagnais,13,Larus marinus
montagnais,13,Rissa tridactyla
montagnais,13,Stercorarius pomarinus
montagnais,14,Sterna hirundo
montagnais,14,Sterna paradisaea
montagnais,15,Alca torda
montagnais,15,Uria lomvia
montagnais,15,Uria aalge
montagnais,15,Plautus alle
montagnais,16,Cepphus grylle
montagnais,17,Fratercula arctica
montagnais,18,Buteo lagopus
montagnais,18,Haliaeetus leucocephalus
montagnais,18,Circus cyaneus
montagnais,18,Pandion haliaetus
montagnais,18,Falco colombarius
montagnais,19,Bubo virginianus
montagnais,19,Nyctea scandiaca
montagnais,19,Aegolius funereus
montagnais,19,Surnia ulula
montagnais,19,Strix varia
montagnais,19,Asio flammeus
montagnais,19,Chordeiles minor
montagnais,20,Canachites canadensis
montagnais,20,Bonasa umbellus
montagnais,21,Lagopus lagopus
montagnais,21,Lagopus mutus
montagnais,22,Charadrius semipalmatus
montagnais,22,Charadrius vociferus
montagnais,22,Pluvialis dominica
montagnais,22,Erolia melanotos
montagnais,23,Capella gallinago
montagnais,24,Numenius phaeopus
montagnais,25,Actitis macularia
montagnais,26,Tringa solitaria
montagnais,26,Totanus melanoleucus
montagnais,27,Erolia minutilla
montagnais,28,Lopipes lobatus
montagnais,28,Phalaropus fulicarius
montagnais,29,Megaceryle alcyon
montagnais,30,Picoides arcticus
montagnais,30,Picoides tridactylis
montagnais,30,Colaptes auratus
montagnais,31,Dendroica petechia
montagnais,31,Empidonax flaviventris
montagnais,31,Dendroica magnolia
montagnais,32,Empidonax traillii
montagnais,33,Eremophila alpestris
montagnais,34,Iridoprocne bicolor
montagnais,34,Riparia riparia
montagnais,35,Perisoreus canadensis
montagnais,36,Corvus corax
montagnais,36,Corvus brachyrhynchos
montagnais,37,Parus hudsonicus
montagnais,37,Sitta canadensis
montagnais,38,Turdus migratorius
montagnais,39,Euphagus carolinus
montagnais,39,Quiscalus quiscula
montagnais,40,Pinicola enudeator
montagnais,41,Acanthis flammea
montagnais,42,Loxia leucoptera
montagnais,42,Loxia curvirostra
montagnais,43,Zonotrichia leucophrys
montagnais,43,Zonotrichia albicollis
montagnais,43,Regulus satrapa
montagnais,44,Passerella iliaca
montagnais,45,Plectrophenax nivalis
rangi,1,Buteo augur
rangi,2,Terathopius ecaudatus
rangi,3,Aquila rapax
rangi,4,Circaetus gallicus
rangi,5,Milvus migrans
rangi,5,Circus ranivorus
rangi,5,Circus macrourus
rangi,5,Necrosyrtes monachus
rangi,6,Falco biarmicus
rangi,6,Falco cuvierii
rangi,7,Sagittarius serpentarius
rangi,8,Ciconia abdimii
rangi,9,Balearica pavonina
rangi,10,Threskiornis aethiopica
rangi,10,Mycteria ibis
rangi,11,Ardea cinerea
rangi,11,Ardea melanocephala
rangi,11,Ardea purpurea
rangi,12,Egretta alba
rangi,12,Egretta intermedia
rangi,12,Egretta garzetta
rangi,12,Bubulcus ibis
rangi,13,Bostrychia hagedash
rangi,14,Scopus umbretta
rangi,15,Plectropterus gambensis
rangi,15,Cairina moschata
rangi,15,Alopochen aegyptiacus
rangi,16,Sarkidiornis melanotos
rangi,16,Alopochen aegyptiacus
rangi,17,Anas erythrorhyncha
rangi,17,Fulica cristata
rangi,17,Porphyrio porphyrio
rangi,18,Charadrius tricollaris
rangi,18,Charadrius pecuarius
rangi,18,Charadrius hiaticula
rangi,18,Charadrius dubius
rangi,18,Calidris alpina
rangi,18,Tringa hypoleucos
rangi,18,Tringa glareola
rangi,19,Vanellus armatus
rangi,19,Vanellus coronatus
rangi,20,Cursorius chalcopterus
rangi,21,Caprimulgus fossii
rangi,22,Bubo africanus
rangi,23,Spreo superbus
rangi,24,Lanius collaris
rangi,25,Centropus superciliosus
rangi,26,Laniarius funebris
rangi,27,Corvus albus
rangi,27,Corvus albicollis
rangi,28,Lybius leucocephalus
rangi,29,Oena capensis
rangi,30,Treron calva
rangi,31,Streptopelia decipiens
rangi,31,Streptopelia semitorquata
rangi,31,Streptopelia semitorquata
rangi,31,Columba guinea
rangi,31,Streptopelia senegalensis
rangi,32,Hirundo rustica
rangi,32,Hirundo lucida
rangi,32,Hirundo smithii
rangi,32,Hirundo daurica
rangi,32,Hirundo senegalensis
rangi,32,Hirundo abyssinica
rangi,32,Hirundo griseopyga
rangi,32,Hirundo fuligula
rangi,32,Riparia paludicola
rangi,32,Riparia cincta
rangi,32,Delichon urbica
rangi,32,Psalidoprocne pristoptera
rangi,32,Psalidoprocne albiceps
rangi,32,Apus apus
rangi,32,Apus affinis
rangi,32,Apus caffer
rangi,32,Apus horus
rangi,32,Tachymarptis melba
rangi,32,Cypsiurus parvus
rangi,33,Prionops plumata
rangi,34,Francolinus afer
rangi,35,Numida meleagris
rangi,36,Struthio camelus
rangi,37,Vidua fischeri
rangi,37,Colius striatus
rangi,38,Colius striatus
rangi,39,Ploceus jacksoni
rangi,40,Anthus novaeseelandiae
rangi,40,Motacilla flava
rangi,41,Pycnonotus barbatus
rangi,42,Eremopterix leucopareia
rangi,43,Cisticola aridula
rangi,44,Mirafra rufacinnamonea
rangi,45,Motacilla aguimp
rangi,46,Euplectes axillarius
rangi,46,Euplectes orix
rangi,46,Euplectes gierowii
rangi,46,Euplectes capensis
rangi,47,Quelea quelea
rangi,47,Lagonosticta senegala
rangi,48,Lagonosticta senegala
rangi,48,Uraeginthus angolensis
rangi,49,Vidua macroura
rangi,49,Vidua fischeri
rangi,50,Vidua hypocherina
rangi,50,Vidua paradisea
rangi,51,Vidua paradisea
rangi,52,Cisticola chiniana
rangi,53,Uraeginthus ianthinogaster
rangi,53,Pytilia afra
rangi,54,Prinia subflava
rangi,55,Emberiza tahapisi
rangi,56,Emberiza tahapisi
rangi,57,Serinus atrogularis
rangi,58,Nectarinia senegalinsis
rangi,58,Nectarinia kilimensis
rangi,58,Nectarinia pulchella
rangi,58,Nectarinia bifasciata
rangi,58,Nectarinia mariquensis
rangi,58,Nectarinia venusta
rangi,58,Nectarinia amethystina
rangi,58,Anthreptes collaris
rangi,58,Anthreptes orientalis
rangi,59,Passer griseus
rangi,60,Sporopipes frontalis
rangi,61,Charadrius tricollaris
rangi,61,Charadrius hiaticula
rangi,61,Calidris minuta
rangi,61,Tringa glareola
rangi,62,Gallus gallus
saami,1,Delichon urbica
saami,2,Riparia riparia
saami,3,Perisoerus infaustus
saami,4,Turdus iliaeus
saami,4,Turdus pilaris
saami,5,Plectrophenax nivalis
saami,6,Parus cinctus
saami,7,Cinclus cinclus
saami,8,Cyanosylvia svecica
saami,9,Motacilla alba
saami,10,Motacilla flava
saami,11,Parus major
saami,12,Grus grus
saami,13,Philomachus pugnax
saami,14,Numenius phaeopus
saami,15,Phalaropus lobatus
saami,16,Charadrius hiaticula
saami,17,Pluvialis apricaria
saami,18,Eudromias morinellus
saami,19,Tringa totanus
saami,19,Tringa erythropus
saami,19,Tringa nebularia
saami,19,Tringa hypoleuces
saami,20,Xenus cinereus
saami,21,Gallinago gallinago
saami,22,Sterna paradisea
saami,23,Mergus merganser
saami,23,Mergus serrator
saami,24,Anser fabalis
saami,24,Anser erythropus
saami,25,Anas penelope
saami,26,Anas crecca
saami,27,Anas platyrhynchos
saami,28,Anas acuta
saami,29,Bucephala clangula
saami,30,Melanitta fusca
saami,30,Melanitta perspicillata
saami,31,Aythya fuligula
saami,31,Aythya marila
saami,32,Clangula hyemalis
saami,33,Cygnus cygnus
saami,34,Phalacrocorax carba
saami,35,Gavia stellata
saami,36,Gavia arctica
saami,37,Lagopus lagopus
saami,38,Lagopus mutus
saami,39,Tetrao urogallus
saami,40,Cuculus canorus
saami,41,Picoides tridactylus
saami,41,Dendrocopus minor
saami,41,Dendrocopus martius
saami,42,Pica pica
saami,43,Corvus corax
saami,44,Corvus corone
saami,45,Haliaetus albicilla
saami,45,Aquila chrysaetos
saami,46,Buteo lagopus
saami,47,Accipter gentilis
saami,47,Accipter nisus
saami,47,Pandion haliaetus
saami,47,Falco peregrinus
saami,47,Falco columbarias
saami,47,Falco rusticolus
saami,47,Falco tinnunculus
saami,47,Circus cyaneus
saami,48,Nyctea scandiaca
saami,48,Strix nebulosa
saami,48,Asio flammeus
saami,48,Surnia ulula
saami,48,Aegolius funereus
saami,49,Larus marinus
saami,50,Larus canus
saami,51,Larus argentatus
saami,52,Larus argentatus
saami,53,Haematopus ostralegus
saami,54,Uria aalge
saami,55,Fulmarus glacialis
saami,56,Somateria mollissima
saami,56,Somateria spectabilis
saami,56,Polysticta stelleri
tobelo,1,Falco moluccensis
tobelo,2,Collocalia vanikorensis
tobelo,2,Collocalia esculenta
tobelo,2,Hirundo tahitica
tobelo,2,Hirundo rustica
tobelo,3,Meleagris gallopavo
tobelo,3,Pelecanus conspicillatus
tobelo,4,Myiagra galeata
tobelo,4,Monarcha trivirgatus
tobelo,4,Piezorhynchus alecto
tobelo,4,Zosterops atriceps
tobelo,5,Dicrurus hottentottus
tobelo,6,Eurystomus orientalis
tobelo,6,Eurystomus azureus
tobelo,7,Oriolus phaeochromus
tobelo,8,Lorius garrulus
tobelo,9,Oceanodroma matsudairae
tobelo,10,Melitograis gilolensis
tobelo,11,Myzomela obscura
tobelo,12,Zosterops atriceps
tobelo,12,Nectarinia jugularis
tobelo,12,Nectarinia sericea
tobelo,13,Dicaeum erythrothorax
tobelo,14,Eos squamata
tobelo,15,Centropus goliath
tobelo,15,Centropus goliath
tobelo,16,Rhipidura leucophrys
tobelo,17,Centropus bengalensis
tobelo,18,Puffinus leucomelas
tobelo,18,Sula leucogaster
tobelo,19,Pitta maxima
tobelo,19,Pitta erythrogaster
tobelo,20,Hypsipetes affinis
tobelo,21,Hemiprocne mystacea
tobelo,22,Ninox squamipila
tobelo,23,Loriculus amabilis
tobelo,24,Lorius roratus
tobelo,25,Tanysiptera galatea
tobelo,25,Tanysiptera galatea
tobelo,26,Numenius phaeopus
tobelo,26,Heteroscelus brevipes
tobelo,26,Xenus cinereus
tobelo,27,Otus magicus
tobelo,28,Cacatua alba
tobelo,29,Tanygnathus megalorhynchos
tobelo,30,Monarcha trivirgatus
tobelo,30,Myiagra galeata
tobelo,30,Piezorhynchus alecto
tobelo,30,Monarcha pileatus
tobelo,31,Columba vittiensis
tobelo,31,Ducula basilica
tobelo,31,Ducula perspicillata
tobelo,31,Ducula concinna
tobelo,32,Megapodius wallacei
tobelo,33,Lycocorax pyrrhopterus
tobelo,34,Gymnocrex plumbeiventris
tobelo,34,Habroptila wallacii
tobelo,35,Rallina fasciata
tobelo,36,Geoffroyus geoffroyi
tobelo,36,Geoffroyus geoffroyi
tobelo,37,Dicrurus hottentottus
tobelo,38,Caloenas nicobarica
tobelo,39,Caprimulgus macrurus
tobelo,39,Aegotheles crinifrons
tobelo,40,Lalage aurea
tobelo,41,Artamus leucorhynchus
tobelo,42,Chalcophaps indica
tobelo,43,Aplonis metallica
tobelo,43,Aplonis mysolensis
tobelo,43,Aplonis metallica
tobelo,43,Aplonis mysolensis
tobelo,44,Halcyon sancta
tobelo,44,Halcyon diops
tobelo,44,Halcyon funebris
tobelo,44,Ceyx lepidus
tobelo,44,Alcedo atthis
tobelo,45,Artamus leucorhynchus
tobelo,46,Accipiter griseogularis
tobelo,46,Accipiter erythrauchen
tobelo,46,Accipiter henicogrammus
tobelo,46,Accipiter soloensis
tobelo,46,Aviceda subcristata
tobelo,47,Aceros plicatus
tobelo,48,Haliaetus leucogaster
tobelo,48,Pandion haliaetus
tobelo,49,Reinwardtoena reinwardtii
tobelo,50,Macropygia amboinensis
tobelo,51,Egretta sacra
tobelo,52,Eudynamis scolopacea
tobelo,53,Fregata minor
tobelo,53,Fregata ariel
tobelo,54,Megapodius freycinet
tobelo,55,Ptilinopus superbus
tobelo,55,Ptilinopus hyogaster
tobelo,55,Ptilinopus superbus
tobelo,56,Monarcha alecto
tobelo,57,Alisterus amboinensus
tobelo,58,Charmosyna placentis
tobelo,59,Ducula bicolor
tobelo,60,Tadorna radjah
tobelo,61,Tachybaptus ruficollis
tobelo,62,Cacomantis variolosus
tobelo,63,Pachycephala pectoralis
tobelo,64,Haliastur indus
tobelo,65,Columba livia
tobelo,66,Streptopelia chinensis
tobelo,67,Calidris ruficollis
tobelo,67,Charadrius leschenaultii
tobelo,67,Actitis hypoleucos
tobelo,68,Ixobrychus flavicollis
tobelo,69,Coracina papuensis
tobelo,69,Coracina atriceps
tobelo,70,Locustella fasciolata
tobelo,71,Amaurornis olivaceus
tobelo,71,Rallus philippensis
tobelo,72,Gallus gallus
tobelo,73,Lonchura molucca
tobelo,74,Nycticorax caledonicus
tobelo,74,Egretta sacra
tobelo,74,Ardea alba
tobelo,74,Ardea sumatrana
tobelo,75,Merops ornatus
tobelo,76,Lorius roratus
tobelo,77,Sterna hirundo
tobelo,78,Semeioptera wallacii
tobelo,79,Corvus validus
tobelo,79,Corvus orru
tobelo,80,Ninox connivens
tobelo,80,Ninox scutulata
tzeltal,1,Anas platyrhynchos
tzeltal,1,Cairina moschata
tzeltal,2,Podiceps dominicus
tzeltal,3,Charadrius vociferus
tzeltal,4,Rallus limicola
tzeltal,4,Porzana carolina
tzeltal,5,Egretta alba
tzeltal,5,Egretta thula
tzeltal,5,Ardea herodias
tzeltal,5,Butorides virescens
tzeltal,5,Florida caerulea
tzeltal,6,Sarcoramphus papa
tzeltal,7,Coragyps atratus
tzeltal,8,Cathartes aura
tzeltal,9,Harpia harpyja
tzeltal,10,Buteo jamaicensis
tzeltal,10,Buteo magnirostris
tzeltal,10,Buteo brachyurus
tzeltal,10,Accipiter chionogaster
tzeltal,11,Falco sparverius
tzeltal,12,Elanus leucurus
tzeltal,13,Elanoides forficatus
tzeltal,14,Meleagris gallopavo
tzeltal,15,Penelope purpurascens
tzeltal,16,Crax rubra
tzeltal,17,Penelopina nigra
tzeltal,18,Ortalis vetula
tzeltal,19,Psilorhinus morio
tzeltal,20,Calocitta formosa
tzeltal,21,Cyanocorax yncas
tzeltal,21,Cyanocitta stelleri
tzeltal,21,Cyanolyca pumilo
tzeltal,21,Cyanolyca cucullata
tzeltal,22,Gallus gallus
tzeltal,22,Gallus gallus
tzeltal,22,Gallus gallus
tzeltal,23,Colinus virginianus
tzeltal,23,Dactylortyx thoracicus
tzeltal,24,Crypturellus cinnamomeus
tzeltal,25,Geococcyx velox
tzeltal,26,Piaya cayana
tzeltal,27,Columba livia
tzeltal,28,Columba fasciata
tzeltal,29,Columba flavirostris
tzeltal,30,Zenaida asiatica
tzeltal,30,Zenaida macroura
tzeltal,30,Leptotila verreauxi
tzeltal,31,Scardafella inca
tzeltal,31,Columbina talpacoti
tzeltal,32,Otus trichopsis
tzeltal,32,Otus barbarus
tzeltal,32,Otus guatemalae
tzeltal,33,Glaucidium brasilianum
tzeltal,33,Glaucidium gnoma
tzeltal,33,Aegolius ridgwayi
tzeltal,34,Tyto alba
tzeltal,35,Ciccaba virgata
tzeltal,36,Strix fulvescens
tzeltal,37,Bubo virginianus
tzeltal,38,Caprimulgus vociferus
tzeltal,39,Nyctidromus albicollis
tzeltal,40,Chordeiles minor
tzeltal,40,Chordeiles acutipennis
tzeltal,41,Petrochelidon pyrrhonota
tzeltal,41,Petrochelidon fulva
tzeltal,41,Hirundo rustica
tzeltal,41,Stelgidopteryx ruficollis
tzeltal,41,Notiochelidon pileata
tzeltal,41,Riparia riparia
tzeltal,41,Tachycineta bicolor
tzeltal,41,Tachycineta albilinea
tzeltal,42,Streptoprocne zonaris
tzeltal,42,Chaetura vauxi
tzeltal,42,Cypseloides rutilus
tzeltal,42,Cypseloides niger
tzeltal,42,Aeronautes saxatalis
tzeltal,43,Hylocharis leucotis
tzeltal,43,Colibri thalassinus
tzeltal,43,Doricha enicura
tzeltal,43,Lampornis amethystinus
tzeltal,43,Amazilia cyanocephala
tzeltal,44,Pionus senilis
tzeltal,44,Amazona albifrons
tzeltal,45,Amazona ochrocephala
tzeltal,45,Aratinga canicularis
tzeltal,45,Aratinga holochlora
tzeltal,46,Aratinga canicularis
tzeltal,47,Ara macao
tzeltal,48,Aulacorynchus prasinus
tzeltal,48,Pteroglossus torquatus
tzeltal,48,Ramphastos sulfuratus
tzeltal,49,Trogon mexicanus
tzeltal,49,Trogon violaceus
tzeltal,50,Aspatha gularis
tzeltal,51,Momotus momota
tzeltal,52,Colaptes auratus
tzeltal,53,Centurus aurifrons
tzeltal,54,Melanerpes formicivorus
tzeltal,55,Dryocopus lineatus
tzeltal,56,Dendrocopos villosus
tzeltal,56,Dendrocopos scalaris
tzeltal,56,Piculus rubiginosus
tzeltal,57,Certhia familiaris
tzeltal,58,Lepidocolaptes affinis
tzeltal,59,Myiarchus tuberculifer
tzeltal,59,Contopus pertinax
tzeltal,59,Contopus sordidulus
tzeltal,59,Contopus cinereus
tzeltal,59,Tyrannus melancholicus
tzeltal,59,Sayornis nigricans
tzeltal,59,Pyrocephalus rubinus
tzeltal,59,Mitrephanes phaeocercus
tzeltal,60,Empidonax fulvifrons
tzeltal,60,Empidonax albigularis
tzeltal,61,Myiozetes similis
tzeltal,62,Campylorhynchus zonatus
tzeltal,63,Thryothorus modestus
tzeltal,63,Henicorhina leucophrys
tzeltal,64,Troglodytes musculus
tzeltal,64,Troglodytes rufociliatus
tzeltal,65,Melanotis hypoleucus
tzeltal,66,Mimus gilvus
tzeltal,67,Turdus rufitorques
tzeltal,67,Turdus grayi
tzeltal,67,Turdus infuscatus
tzeltal,67,Turdus plebejus
tzeltal,67,Turdus migratorius
tzeltal,68,Myadestes obscurus
tzeltal,69,Catharus frantzii
tzeltal,70,Seiurus motacilla
tzeltal,70,Seiurus noveboracensis
tzeltal,71,Sialia sialis
tzeltal,72,Ptilogonys cinereus
tzeltal,73,Cyclarhis gujanensis
tzeltal,74,Vireo flavoviridis
tzeltal,75,Vireo huttoni
tzeltal,75,Vireo solitarius
tzeltal,76,Wilsonia pusilla
tzeltal,76,Wilsonia canadensis
tzeltal,76,Vermivora ruficapilla
tzeltal,76,Vermivora superciliosa
tzeltal,76,Dendroica petechia
tzeltal,76,Dendroica magnolia
tzeltal,76,Dendroica coronata
tzeltal,76,Dendroica townsendi
tzeltal,76,Dendroica virens
tzeltal,76,Dendroica chrysoparia
tzeltal,76,Dendroica occidentalis
tzeltal,76,Oporornis tolmiei
tzeltal,76,Geothlypis trichas
tzeltal,77,Myioborus picta
tzeltal,77,Myioborus miniatus
tzeltal,78,Ergaticus versicolor
tzeltal,79,Basileuterus rufifrons
tzeltal,79,Basileuterus belli
tzeltal,80,Diglossa baritula
tzeltal,81,Spinus notatus
tzeltal,81,Spinus atriceps
tzeltal,81,Spinus pinus
tzeltal,81,Spinus psaltria
tzeltal,82,Sporophila torqueola
tzeltal,83,Psaltriparus minimus
tzeltal,84,Junco phaeonotus
tzeltal,85,Zonotrichia capensis
tzeltal,85,Melospiza lincolnii
tzeltal,85,Aimophila rufescens
tzeltal,85,Passer domesticus
tzeltal,86,Melozone biarcuatum
tzeltal,87,Atlapetes albinucha
tzeltal,88,Pipilo erythrophthalmus
tzeltal,89,Loxia curvirostra
tzeltal,90,Pheucticus ludovicianus
tzeltal,91,Chlorospingus ophthalmicus
tzeltal,92,Piranga flava
tzeltal,93,Sturnella magna
tzeltal,94,Saltator coerulescens
tzeltal,95,Saltator atriceps
tzeltal,96,Icterus chrysater
tzeltal,96,Icterus galbula
tzeltal,96,Icterus sclateri
tzeltal,97,Icterus mesomelas
tzeltal,98,Dumetella carolinensis
tzeltal,99,Crotophaga sulcirostris
tzeltal,100,Amblycercus holosericeus
tzeltal,101,Dives dives
tzeltal,102,Agelaius phoeniceus
tzeltal,103,Molothrus aeneus
tzeltal,104,Cassidix mexicanus
tzeltal,105,Corvus corax
tzeltal,106,Zarhynchus wagleri
