"","ScientificName2023","CommonName2023","FolkGeneric","Family2023","Order2023","BeakLengthCulmen","BeakLengthNares","BeakWidth","BeakDepth","TarsusLength","WingLength","KippsDistance","Secondary","HandWingIndex","TailLength","Mass","ScientificNameV3","ScientificName1974","CommonName1974","Family1974","Language","LangID","Order1974"
"1","Melanerpes formicivorus","Acorn Woodpecker","càrpìntêr","Picidae","Piciformes",26.9,20.6,8.2,7.4,21.8,139.8,40.1,103.6,28,84.5,79.6,"Melanerpes formicivorus","Melanerpes formicivorus","Acorn Woodpecker","Picidae","Zapotec",1,"Piciformes"
"2","Cinclus mexicanus","American Dipper","mguîn̲-nìs","Cinclidae","Passeriformes",21.6,11.7,3.4,4.8,29.8,89.1,23.6,65.3,26.5,51.8,56.7,"Cinclus mexicanus","Cinclus mexicanus","American Dipper","Cinclidae","Zapotec",2,"Passeriformes"
"3","Falco sparverius","American Kestrel","líd","Falconidae","Falconiformes",17.1,11,8.4,10.1,33.7,182.4,77.9,100.1,43.7,126.5,114.6,"Falco sparverius","Falco sparverius","American Kestrel","Falconidae","Zapotec",3,"Falconiformes"
"4","Mareca americana","American Wigeon","bǎd","Anatidae","Anseriformes",44.9,26.9,16,12.3,34.6,253.2,135.4,116.6,53.7,93.8,754.6,"Anas americana","Anas americana","American Wigeon","Anatidae","Zapotec",4,"Anseriformes"
"5","Lampornis amethystinus","Amethyst-throated Mountain-gem","dzǐn̲g","Trochilidae","Caprimulgiformes",24.6,19,2.7,1.9,4.4,65.4,41.5,23,64.3,41.5,5.2,"Lampornis amethystinus","Lampornis amethystinus","Amethyst-throated Hummingbird","Trochilidae","Zapotec",5,"Apodiformes"
"6","Hirundo rustica","Barn Swallow","xlútsǐ","Hirundinidae","Passeriformes",12.4,6,4.5,2.7,11.7,115.8,62.3,56,52.6,70.4,17.9,"Hirundo rustica","Hirundo rustica","Barn Swallow","Hirundinidae","Zapotec",6,"Passeriformes"
"7","Calothorax pulcher","Beautiful Hummingbird","dzǐn̲g","Trochilidae","Caprimulgiformes",21.4,16.4,1.3,1.6,3.9,37.1,23.2,14.2,62.1,27.4,2.7,"Calothorax pulcher","Calothorax pulcher","Beautiful Hummingbird","Trochilidae","Zapotec",7,"Apodiformes"
"8","Saucerottia beryllina","Berylline Hummingbird","dzǐn̲g","Trochilidae","Caprimulgiformes",21.3,17.4,2.3,2.1,5.7,53.4,32.7,21.1,60.8,31.8,4.5,"Amazilia beryllina","Amazilia beryllina","Berylline Hummingbird","Trochilidae","Zapotec",8,"Apodiformes"
"9","Thryomanes bewickii","Bewick's Wren","nguzhǐn","Troglodytidae","Passeriformes",15.5,10.1,2.6,3,17.5,54,7.3,46.1,13.8,51.2,9.9,"Thryomanes bewickii","Thryomanes bewickii","Bewick's Wren","Troglodytidae","Zapotec",9,"Passeriformes"
"10","Cypseloides niger","Black Swift","xlútsǐ","Apodidae","Caprimulgiformes",9,3.7,3.4,2.4,12.5,149.4,105.2,39.3,73,59.4,39.7,"Cypseloides niger","Cypseloides niger","Black Swift","Apodidae","Zapotec",10,"Apodiformes"
"11","Coragyps atratus","Black Vulture","pěch","Cathartidae","Cathartiformes",60,35,14.8,16.1,76.1,410.1,58.4,352.6,14.3,180,1881.7,"Coragyps atratus","Coragyps atratus","Black Vulture","Cathartidae","Zapotec",11,"Falconiformes"
"12","Mniotilta varia","Black-and-white Warbler","wǐt","Parulidae","Passeriformes",13.7,9,2.9,3.3,17.3,68.8,17,49.7,25.5,46.6,10.9,"Mniotilta varia","Mniotilta varia","Black-and-white Warbler","Parulidae","Zapotec",12,"Passeriformes"
"13","Dendrocygna autumnalis","Black-bellied Whistling-Duck","pìxîx","Anatidae","Anseriformes",50.8,34.6,18.3,16.1,52.7,240.8,79.1,163.4,32.7,66,755.3,"Dendrocygna autumnalis","Dendrocygna autumnalis","Black-bellied Tree-Duck","Anatidae","Zapotec",13,"Anseriformes"
"14","Pheucticus melanocephalus","Black-headed Grosbeak","mguěy","Cardinalidae","Passeriformes",19.1,13,9.1,12.1,22.9,100.5,24.3,76,24.2,72.8,47.1,"Pheucticus melanocephalus","Pheucticus melanocephalus","Black-headed Grosbeak","Fringillidae","Zapotec",14,"Passeriformes"
"15","Spinus notatus","Black-headed Siskin","yěets","Fringillidae","Passeriformes",13.4,9.7,4.6,6.1,13,65.2,20.1,45.1,30.9,40.2,10.9,"Carduelis notata","Carduelis notata","Black-headed Siskin","Fringillidae","Zapotec",15,"Passeriformes"
"16","Setophaga nigrescens","Black-throated Gray Warbler","wǐt","Parulidae","Passeriformes",12.1,6.9,3.4,3.7,18.2,63.2,14.8,48.5,23.4,49,8.7,"Dendroica nigrescens","Dendroica nigrescens","Black-throated Gray Warbler","Parulidae","Zapotec",16,"Passeriformes"
"17","Icterus wagleri","Black-vented Oriole","mguěy","Icteridae","Passeriformes",24.2,15.2,4.5,5.9,23.9,101.2,22.8,77.5,22.7,106.2,41.8,"Icterus wagleri","Icterus wagleri","Black-vented Oriole","Icteridae","Zapotec",17,"Passeriformes"
"18","Melanotis caerulescens","Blue Mockingbird","mæ̀cw-guiùu","Mimidae","Passeriformes",27.9,16.7,4.8,6.1,30.2,111.2,15.2,96,13.7,126.5,61.6,"Melanotis caerulescens","Melanotis caerulescens","Blue Mockingbird","Mimidae","Zapotec",18,"Passeriformes"
"19","Polioptila caerulea","Blue-gray Gnatcatcher","dìx","Polioptilidae","Passeriformes",11.3,7.4,2.8,2.3,15.9,50.8,9.6,40.8,19.1,49.1,5.8,"Polioptila caerulea","Polioptila caerulea","Blue-gray Gnatcatcher","Sylviidae","Zapotec",19,"Passeriformes"
"20","Lampornis clemenciae","Blue-throated Mountain-gem","dzǐn̲g","Trochilidae","Caprimulgiformes",28.4,22.5,2.5,2.3,5,73.7,47.9,24.7,66.2,49,7.6,"Lampornis clemenciae","Lampornis clemenciae","Blue-throated Hummingbird","Trochilidae","Zapotec",20,"Apodiformes"
"21","Spatula discors","Blue-winged Teal","bǎd","Anatidae","Anseriformes",47.3,31.8,15.6,12.6,29.1,178.3,98.7,84.6,53.8,66.7,359.4,"Anas discors","Anas discors","Blue-winged Teal","Anatidae","Zapotec",21,"Anseriformes"
"22","Campylorhynchus jocosus","Boucard's Wren","mguîn̲-quiè","Troglodytidae","Passeriformes",26.1,16.6,3.8,4.8,22.1,72,9.9,62.1,13.6,67.2,27.6,"Campylorhynchus jocosus","Campylorhynchus jocosus","Boucard's Wren","Troglodytidae","Zapotec",22,"Passeriformes"
"23","Peucaea mystacalis","Bridled Sparrow","mtsùu","Passerellidae","Passeriformes",14.3,8.9,4.6,6.4,21.4,70.8,7.2,64.3,10,78.6,22.2,"Aimophila mystacalis","Aimophila mystacalis","Bridled Sparrow","Fringillidae","Zapotec",23,"Passeriformes"
"24","Baeolophus wollweberi","Bridled Titmouse","mguîn̲-pàyâs","Paridae","Passeriformes",9.2,6.9,3.9,4.3,16.3,64,10.6,53.5,16.5,58.5,10.4,"Baeolophus wollweberi","Parus wollweberi","Bridled Titmouse","Paridae","Zapotec",24,"Passeriformes"
"25","Myadestes occidentalis","Brown-backed Solitaire","mguîn̲-guìib-tsár","Turdidae","Passeriformes",15.4,7.8,4.8,4.6,20.8,102.5,27.6,74.8,27,101.2,36.4,"Myadestes occidentalis","Myadestes obscurus","Brown-backed Solitaire","Turdidae","Zapotec",25,"Passeriformes"
"26","Selasphorus heloisa","Bumblebee Hummingbird","dzǐn̲g","Trochilidae","Caprimulgiformes",14.7,10.9,1.3,1.3,4.1,34.4,22.9,11.5,66.5,21,2.2,"Atthis heloisa","Atthis heloisa","Bumblebee Hummingbird","Trochilidae","Zapotec",26,"Apodiformes"
"27","Psaltriparus minimus","Bushtit","mziùud","Aegithalidae","Passeriformes",7.8,4.6,2.4,3.4,15.7,45.2,8.8,36.5,19.4,52.2,5.3,"Psaltriparus minimus","Psaltriparus minimus","Common Bushtit","Paridae","Zapotec",27,"Passeriformes"
"28","Catherpes mexicanus","Canyon Wren","nguzhǐn","Troglodytidae","Passeriformes",23.9,15.7,3.2,3.4,18.6,64.3,8.3,55.3,13.2,56,12,"Catherpes mexicanus","Catherpes mexicanus","Canyon Wren","Troglodytidae","Zapotec",28,"Passeriformes"
"29","Tyrannus vociferans","Cassin's Kingbird","cùchguêr","Tyrannidae","Passeriformes",23.8,14.9,8.5,7,19.5,128.9,41.3,89.6,31.9,96.9,45.6,"Tyrannus vociferans","Tyrannus vociferans","Cassin's Kingbird","Tyrannidae","Zapotec",29,"Passeriformes"
"30","Bombycilla cedrorum","Cedar Waxwing","mguîn̲-bæ̀d","Bombycillidae","Passeriformes",15.1,6.6,4.5,4.9,16.7,95.4,33.5,62,35.1,59.8,31.6,"Bombycilla cedrorum","Bombycilla cedrorum","Cedar Waxwing","Bombycillidae","Zapotec",30,"Passeriformes"
"31","Streptoprocne rutila","Chestnut-collared Swift","xlútsǐ","Apodidae","Caprimulgiformes",7.1,3,3.7,2,12,130,93.2,38.1,71,44.5,20.2,"Streptoprocne rutila","Cypseloides rutilus","Chestnut-collared Swift","Apodidae","Zapotec",31,"Apodiformes"
"32","Spizella passerina","Chipping Sparrow","mtsùu","Passerellidae","Passeriformes",13.1,7,4,4.9,16.3,68,16.3,51,24.2,56,12.2,"Spizella passerina","Spizella passerina","Chipping Sparrow","Fringillidae","Zapotec",32,"Passeriformes"
"33","Petrochelidon pyrrhonota","Cliff Swallow","xlútsǐ","Hirundinidae","Passeriformes",11.3,5.9,4.5,3,12.6,109.3,54.2,56.4,49,49.2,21.6,"Petrochelidon pyrrhonota","Petrochelidon pyrrhonota","Cliff Swallow","Hirundinidae","Zapotec",33,"Passeriformes"
"34","Pipilo ocai","Collared Towhee","chùubây","Passerellidae","Passeriformes",18.5,10.9,6.1,8.3,30.6,84.5,9.5,74.4,11.4,97.6,61,"Pipilo ocai","Pipilo ocai","Collared Towhee","Fringillidae","Zapotec",34,"Passeriformes"
"35","Columbina passerina","Common Ground Dove","côc","Columbidae","Columbiformes",13.9,8.2,2.5,3.2,15.2,81.6,21.6,63.6,25.4,59.6,35.4,"Columbina passerina","Columbina passerina","Common Ground Dove","Columbidae","Zapotec",35,"Columbiformes"
"36","Corvus corax","Common Raven","ngǎ","Corvidae","Passeriformes",77,49.2,21.9,27.9,67.1,419.7,167.2,252.7,39.8,228.7,928,"Corvus corax","Corvus corax","Northern Raven","Corvidae","Zapotec",36,"Passeriformes"
"37","Accipiter cooperii","Cooper's Hawk","msì","Accipitridae","Accipitriformes",25.4,13.9,8.6,13.2,62,241.2,77.8,163.5,32.3,188.4,429.7,"Accipiter cooperii","Accipiter cooperii","Cooper's Hawk","Accipitridae","Zapotec",37,"Falconiformes"
"38","Empidonax difficilis","Western Flycatcher","wǐt","Tyrannidae","Passeriformes",16.2,8.3,5.4,3.7,16.3,66.7,13.3,51.2,20.6,64,11.6,"Empidonax occidentalis","Empidonax difficilis","Western Flycatcher","Tyrannidae","Zapotec",38,"Passeriformes"
"39","Oreothlypis superciliosa","Crescent-chested Warbler","nguzhǐn","Parulidae","Passeriformes",13.7,8.6,3.3,3.6,16.4,62.3,15.4,46.9,24.7,52.9,9,"Parula superciliosa","Parula superciliosa","Crescent-chested Warbler","Parulidae","Zapotec",39,"Passeriformes"
"40","Toxostoma curvirostre","Curve-billed Thrasher","mquièts","Mimidae","Passeriformes",35.2,23.7,6.1,6.5,32.4,111.6,19.8,92.2,17.7,109.2,80.5,"Toxostoma curvirostre","Toxostoma curvirostre","Curve-billed Thrasher","Mimidae","Zapotec",40,"Passeriformes"
"41","Empidonax oberholseri","Dusky Flycatcher","wǐt","Tyrannidae","Passeriformes",13.5,7.8,4.6,3.2,17.5,66.6,12.5,54.1,18.7,60.6,10.4,"Empidonax oberholseri","Empidonax oberholseri","Dusky Flycatcher","Tyrannidae","Zapotec",41,"Passeriformes"
"42","Phaeoptila sordida","Dusky Hummingbird","dzǐn̲g","Trochilidae","Caprimulgiformes",23.4,18.7,2.3,1.9,4.3,56.1,36.4,19,65.8,32.6,4,"Cynanthus sordidus","Cynanthus sordidus","Dusky Hummingbird","Trochilidae","Zapotec",42,"Apodiformes"
"43","Trogon elegans","Elegant Trogon","chòo-dzê","Trogonidae","Trogoniformes",19.6,12.3,9.1,9.9,14.6,130.7,51.7,79,39.5,160.6,70.9,"Trogon elegans","Trogon elegans","Elegant Trogon","Trogonidae","Zapotec",43,"Trogoniformes"
"44","Micrathene whitneyi","Elf Owl","mquí","Strigidae","Strigiformes",12.9,8,5.2,7.4,20.1,108.2,32.5,75.8,30,47,41,"Micrathene whitneyi","Micrathene whitneyi","Elf Owl","Strigidae","Zapotec",44,"Strigiformes"
"45","Lamprolaima rhami","Garnet-throated Hummingbird","dzǐn̲g","Trochilidae","Caprimulgiformes",21.1,15.4,2.3,2.2,3.4,78,47.5,30.3,61,46.8,7.8,"Lamprolaima rhami","Lamprolaima rhami","Garnet-throated Hummingbird","Trochilidae","Zapotec",45,"Apodiformes"
"46","Ptiliogonys cinereus","Gray Silky-flycatcher","péedrùuch","Ptiliogonatidae","Passeriformes",14.6,6.7,4.4,4.2,16.7,92.6,22.2,70.5,24,98.2,33.6,"Ptilogonys cinereus","Ptilogonys cinereus","Gray Silky-flycatcher","Ptilogonatidae","Zapotec",46,"Passeriformes"
"47","Melanerpes hypopolius","Gray-breasted Woodpecker","càrpìntêr","Picidae","Piciformes",23,17.7,5.7,5.4,19.2,125.2,34.5,90.8,27.6,90.2,52.4,"Melanerpes hypopolius","Centurus hypopolius","Gray-breasted Woodpecker","Picidae","Zapotec",47,"Piciformes"
"48","Anser anser","Graylag Goose","gâns","Anatidae","Anseriformes",61.2,31.8,22.5,21.6,76.2,435.7,204.7,229.4,47.2,136.1,3302.4,"Anser anser","Anser anser","Graylag Goose","Anatidae","Zapotec",48,"Anseriformes"
"49","Quiscalus mexicanus","Great-tailed Grackle","mguîn̲-bǒo","Icteridae","Passeriformes",43.3,29.2,8.2,11.5,47.9,168.6,46,126.4,26.8,170.1,160.5,"Quiscalus mexicanus","Cassidix mexicanus","Great-tailed Grackle","Icteridae","Zapotec",49,"Passeriformes"
"50","Contopus pertinax","Greater Pewee","pédrǐt","Tyrannidae","Passeriformes",23,13.4,7.8,5.6,17,108.3,30,77.6,28.3,83,27.2,"Contopus pertinax","Contopus pertinas","Coue's Flycatcher","Tyrannidae","Zapotec",50,"Passeriformes"
"51","Ramosomyia viridifrons","Green-fronted Hummingbird","dzǐn̲g","Trochilidae","Caprimulgiformes",23.9,21.1,3,2.4,4.5,56.2,36.3,19.9,64.6,31.8,6.3,"Amazilia viridifrons","Amazilia viridifrons","Green-fronted Hummingbird","Trochilidae","Zapotec",51,"Apodiformes"
"52","Anas crecca","Green-winged Teal","bǎd","Anatidae","Anseriformes",36.2,29.2,11.8,11.4,26.4,178.8,95.1,84.2,53.1,61.5,341.9,"Anas crecca","Anas crecca","Green-winged Teal","Anatidae","Zapotec",52,"Anseriformes"
"53","Dryobates villosus","Hairy Woodpecker","càrpìntêr","Picidae","Piciformes",31.6,24.1,8.2,8.1,23.1,126.7,32.4,95.5,25.3,81.7,62.7,"Picoides villosus","Dendrocopos villosus","Hairy Woodpecker","Picidae","Zapotec",53,"Piciformes"
"54","Setophaga occidentalis","Hermit Warbler","wǐt","Parulidae","Passeriformes",12.4,7.7,3.2,3.6,17.8,66.9,18,48.8,26.9,52.4,10.4,"Dendroica occidentalis","Dendroica occidentalis","Hermit Warbler","Parulidae","Zapotec",54,"Passeriformes"
"55","Eremophila alpestris","Horned Lark","mguîn̲-ló-liù","Alaudidae","Passeriformes",13.9,9.2,4.2,5,23.5,108.1,41.7,66.2,38.6,71.4,33.3,"Eremophila alpestris","Eremophila alpestris","Horned Lark","Alaudidae","Zapotec",55,"Passeriformes"
"56","Haemorhous mexicanus","House Finch","mguěy","Fringillidae","Passeriformes",10.6,8.4,6.6,8.2,17.4,77.2,21.2,55.8,27.5,66.2,21.4,"Carpodacus mexicanus","Carpodacus mexicanus","House Finch","Fringillidae","Zapotec",56,"Passeriformes"
"57","Vireo huttoni","Hutton's Vireo","mtsùu","Vireonidae","Passeriformes",13.1,6.9,3.7,3.8,19.5,63.2,10.8,52.6,17,49.1,11.3,"Vireo huttoni","Vireo huttoni","Hutton's Vireo","Vireonidae","Zapotec",57,"Passeriformes"
"58","Columbina inca","Inca Dove","côc","Columbidae","Columbiformes",16.1,7.1,3.5,3.8,15.5,92.5,24.2,69,26,88.7,47.5,"Columbina inca","Scardafella inca","Inca Dove","Columbidae","Zapotec",58,"Columbiformes"
"59","Sarcoramphus papa","King Vulture","pěch","Cathartidae","Cathartiformes",61.9,46,22.8,30.6,89.9,508.2,191.6,317.6,37.6,239,3400,"Sarcoramphus papa","Sarcoramphus papa","King Vulture","Cathartidae","Zapotec",59,"Falconiformes"
"60","Dryobates scalaris","Ladder-backed Woodpecker","càrpìntêr","Picidae","Piciformes",19,13.8,6.9,6.3,17.8,96.8,23.8,73,24.6,58.2,31.6,"Picoides scalaris","Dendrocopos scalaris","Ladder-backed Woodpecker","Picidae","Zapotec",60,"Piciformes"
"61","Spinus psaltria","Lesser Goldfinch","mdzíl-dò","Fringillidae","Passeriformes",10.2,7.8,4.7,6.3,12.4,60.9,16.2,46.2,26,40.4,8.8,"Carduelis psaltria","Carduelis psaltria","Lesser Goldfinch","Fringillidae","Zapotec",61,"Passeriformes"
"62","Geococcyx velox","Lesser Roadrunner","mriě","Cuculidae","Cuculiformes",42.8,24.9,8.7,10.8,47.7,141.7,9.3,133.8,6.5,269.3,179.9,"Geococcyx velox","Geococcyx velox","Lesser Roadrunner","Cuculidae","Zapotec",62,"Cuculiformes"
"63","Aythya affinis","Lesser Scaup","bǎd","Anatidae","Anseriformes",47.3,29.4,19.6,13.4,34.9,198.2,101,97,51,53.4,819.5,"Aythya affinis","Aythya affinis","Lesser Scaup","Anatidae","Zapotec",63,"Anseriformes"
"64","Amazona finschi","Lilac-crowned Parrot","lòr","Psittacidae","Psittaciformes",35.4,28.7,18,31.9,21.2,192.4,69.8,121.7,36.5,109,302,"Amazona finschi","Amazona finschi","Lilac-crowned Amazon","Psittacidae","Zapotec",64,"Psittaciformes"
"65","Melospiza lincolnii","Lincoln's Sparrow","mtsùu","Passerellidae","Passeriformes",13.2,8,4,5.1,20.1,64,14.3,49.7,22.3,56.8,16.6,"Melospiza lincolnii","Zonotrichia lincolnii","Lincoln's Sparrow","Fringillidae","Zapotec",65,"Passeriformes"
"66","Dryocopus lineatus","Lineated Woodpecker","càrpìntêr","Picidae","Piciformes",41.3,30.5,11,10.2,28.6,184.7,41,144.9,22,122,183.2,"Dryocopus lineatus","Dryocopus lineatus","Lineated Woodpecker","Picidae","Zapotec",66,"Piciformes"
"67","Dendrortyx macroura","Long-tailed Wood-Partridge","mtsòo","Odontophoridae","Galliformes",20.4,12.5,12.8,14.4,50.3,165.2,20.8,144.5,12.5,143,431,"Dendrortyx macroura","Dendrortyx macroura","Long-tailed Wood-Partridge","Phasianidae","Zapotec",67,"Galliformes"
"68","Geothlypis tolmiei","MacGillivray's Warbler","wǐt","Parulidae","Passeriformes",13.4,7.7,3,3.3,20.9,58.1,13.2,44.5,22.9,52.9,10.4,"Oporornis tolmiei","Oporornis tolmiei","MacGillivray's Warbler","Parulidae","Zapotec",68,"Passeriformes"
"69","Anas platyrhynchos","Mallard","bǎd","Anatidae","Anseriformes",58.5,41,20.8,17.8,40.6,263.4,133.5,129.9,50.7,86.9,843.4,"Anas platyrhynchos","Anas platyrhynchos","Mallard","Anatidae","Zapotec",69,"Anseriformes"
"70","Poecile sclateri","Mexican Chickadee","mguîn̲-pàyâs","Paridae","Passeriformes",10.8,6.9,3.1,4.1,16.8,67.8,11.8,56,17.4,59.2,10.1,"Parus sclateri","Parus sclateri","Mexican Chickadee","Paridae","Zapotec",70,"Passeriformes"
"71","Ara militaris","Military Macaw","měw","Psittacidae","Psittaciformes",56.6,49.3,27.2,57.2,28.8,366.7,151.2,216.8,41.1,366.1,1134,"Ara militaris","Ara militaris","Military Macaw","Psittacidae","Zapotec",71,"Psittaciformes"
"72","Cyrtonyx montezumae","Montezuma Quail","mtǒ","Odontophoridae","Galliformes",15.5,9,7.9,9.3,28.2,117.9,28.4,89.4,24.1,42.6,185.4,"Cyrtonyx montezumae","Cyrtonyx montezumae","Montezuma Quail","Phasianidae","Zapotec",72,"Galliformes"
"73","Ciccaba virgata","Mottled Owl","dǎm̲","Strigidae","Strigiformes",33,17.2,9,16.1,40.6,240.6,50.3,190.3,20.8,149.1,284,"Strix virgata","Ciccaba virgata","Mottled Owl","Strigidae","Zapotec",73,"Strigiformes"
"74","Trogon mexicanus","Mountain Trogon","mèr-dán","Trogonidae","Trogoniformes",20,11.4,9.8,9.8,14.8,147.6,60.3,86.7,41,180.6,71,"Trogon mexicanus","Trogon mexicanus","Mexican Trogon","Trogonidae","Zapotec",74,"Trogoniformes"
"75","Cairina moschata","Muscovy Duck","bǎd","Anatidae","Anseriformes",65.9,38.7,22.6,15.7,56.2,345,124,226.8,35.2,160.2,2415.8,"Cairina moschata","Cairina moschata","Muscovy Duck","Anatidae","Zapotec",75,"Anseriformes"
"76","Leiothlypis ruficapilla","Nashville Warbler","mguîn̲-tsíríic","Parulidae","Passeriformes",11.6,7,2.8,3.5,16.1,56.8,13.3,43.4,23.6,42.4,8.1,"Vermivora ruficapilla","Vermivora ruficapilla","Nashville Warbler","Parulidae","Zapotec",76,"Passeriformes"
"77","Mimus polyglottos","Northern Mockingbird","mquièts","Mimidae","Passeriformes",22.1,12.2,4.6,5.3,32.2,112.3,23.1,90.5,20.6,117.6,48.5,"Mimus polyglottos","Mimus polyglottos","Northern Mockingbird","Mimidae","Zapotec",77,"Passeriformes"
"78","Glaucidium gnoma","Northern Pygmy-Owl","mquí","Strigidae","Strigiformes",13.3,9,6.2,9.3,18.2,89.4,20.9,68.5,23.3,63.5,61.3,"Glaucidium gnoma","Glaucidium gnoma","Northern Pygmy Owl","Strigidae","Zapotec",78,"Strigiformes"
"79","Myiarchus nuttingi","Nutting's Flycatcher","mguîn̲-rchǔup","Tyrannidae","Passeriformes",17.5,12.3,6.5,5.5,18.9,83.2,14.9,65.6,18.5,81.9,23,"Myiarchus nuttingi","Myiarchus nuttingi","Nutting's Flycatcher","Tyrannidae","Zapotec",79,"Passeriformes"
"80","Catharus aurantiirostris","Orange-billed Nightingale-Thrush","mguîn̲-guìib-tsár","Turdidae","Passeriformes",16.9,9.6,4.2,4.6,30.4,76.8,12.5,63.5,16.4,60.5,29.8,"Catharus aurantiirostris","Catharus aurantiirostris","Orange-billed Nightingale-Thrush","Turdidae","Zapotec",80,"Passeriformes"
"81","Leiothlypis celata","Orange-crowned Warbler","wǐt","Parulidae","Passeriformes",11.8,7.8,3.8,4,18.4,59.9,13.8,46,23,46.5,9.2,"Vermivora celata","Vermivora celata","Orange-crowned Warbler","Parulidae","Zapotec",81,"Passeriformes"
"82","Eupsittula canicularis","Orange-fronted Parakeet","pèrícw","Psittacidae","Psittaciformes",20.8,17.6,11.9,21,12.6,132.7,59,73.2,44.6,104,85,"Aratinga canicularis","Aratinga canicularis","Orange-fronted Conure","Psittacidae","Zapotec",82,"Psittaciformes"
"83","Myioborus pictus","Painted Redstart","mguîn̲-mâ-zhiàn","Parulidae","Passeriformes",12,6.7,3.7,3.4,17.4,73.2,14.8,58.4,20.2,62.7,9.8,"Myioborus pictus","Setophaga pictus","Painted Redstart","Parulidae","Zapotec",83,"Passeriformes"
"84","Campephilus guatemalensis","Pale-billed Woodpecker","càrpìntêr","Picidae","Piciformes",47.7,35.7,13.2,12.4,35.2,180.8,36.5,137.5,21,107.5,242,"Campephilus guatemalensis","Phloeoceastes guatemalensis","Pale-billed Woodpecker","Picidae","Zapotec",84,"Piciformes"
"85","Falco peregrinus","Peregrine Falcon","msì","Falconidae","Falconiformes",31.1,18.4,13.7,15.4,45.1,314.7,165,152.6,52.2,143,760,"Falco peregrinus","Falco peregrinus","Peregrine Falcon","Falconidae","Zapotec",85,"Falconiformes"
"86","Empidonax affinis","Pine Flycatcher","wǐt","Tyrannidae","Passeriformes",14,8.4,4.4,3.4,15.2,71.8,15.5,56,21.7,59.4,11.3,"Empidonax affinis","Empidonax affinis","Pine Flycatcher","Tyrannidae","Zapotec",86,"Passeriformes"
"87","Cardellina rubra","Red Warbler","x-quǐit-ngùbìdz","Parulidae","Passeriformes",11.4,6.6,3.3,3.7,18.3,61.2,10.2,50.9,16.7,58.6,8.1,"Ergaticus ruber","Ergaticus ruber","Red Warbler","Parulidae","Zapotec",87,"Passeriformes"
"88","Cardellina rubrifrons","Red-faced Warbler","wǐt","Parulidae","Passeriformes",11.7,6.8,3.5,4.1,16.9,67.5,14.4,53.1,21.3,60.9,8.1,"Cardellina rubrifrons","Cardellina rubrifrons","Red-faced Warbler","Parulidae","Zapotec",88,"Passeriformes"
"89","Buteo jamaicensis","Red-tailed Hawk","msì","Accipitridae","Accipitriformes",37.6,22.9,14.4,20.2,80.9,402.8,139.9,270.8,34.1,212.2,1101.2,"Buteo jamaicensis","Buteo jamaicensis","Red-tailed Hawk","Accipitridae","Zapotec",89,"Falconiformes"
"90","Columba livia","Rock Pigeon","pàlôm","Columbidae","Columbiformes",23.2,12.1,4.3,5,26.5,219.6,98.8,120.4,45.1,105.5,354.2,"Columba livia","Columba livia","Rock Dove","Columbidae","Zapotec",90,"Columbiformes"
"91","Salpinctes obsoletus","Rock Wren","nguzhǐn","Troglodytidae","Passeriformes",19.9,12.6,2.9,3.4,20.1,69,11.8,56.6,17.3,55.6,16.4,"Salpinctes obsoletus","Salpinctes obsoletus","Rock Wren","Troglodytidae","Zapotec",91,"Passeriformes"
"92","Archilochus colubris","Ruby-throated Hummingbird","dzǐn̲g","Trochilidae","Caprimulgiformes",20.7,15.1,1.8,1.9,3.4,40.7,27.6,14.7,65,24.3,3.1,"Archilochus colubris","Archilochus colubris","Ruby-throated Hummingbird","Trochilidae","Zapotec",92,"Apodiformes"
"93","Catharus frantzii","Ruddy-capped Nightingale-Thrush","mguîn̲-guìib-tsár","Turdidae","Passeriformes",17.1,9.7,4.2,4.4,33.1,86.3,15.8,73,17.8,75.9,28.9,"Catharus frantzii","Catharus frantzii","Ruddy-capped Nightingale-Thrush","Turdidae","Zapotec",93,"Passeriformes"
"94","Selasphorus rufus","Rufous Hummingbird","dzǐn̲g","Trochilidae","Caprimulgiformes",20.4,15.4,1.6,1.7,2.5,40.7,28.2,13.9,67,29.8,3.5,"Selasphorus rufus","Selasphorus rufus","Rufous Hummingbird","Trochilidae","Zapotec",94,"Apodiformes"
"95","Basileuterus rufifrons","Rufous-capped Warbler","mguîn̲-dǎm̲","Parulidae","Passeriformes",12.6,7.2,3.9,4,20.1,51.1,5.7,44.6,11.3,61.8,10.4,"Basileuterus rufifrons","Basileuterus rufifrons","Rufous-capped Warbler","Parulidae","Zapotec",95,"Passeriformes"
"96","Aimophila ruficeps","Rufous-crowned Sparrow","mtsùu","Passerellidae","Passeriformes",14.9,8.2,4.1,5,19.8,59.9,7.7,52.2,12.8,62,18.7,"Aimophila ruficeps","Aimophila ruficeps","Rufous-crowned Sparrow","Fringillidae","Zapotec",96,"Passeriformes"
"97","Catharus occidentalis","Russet Nightingale-Thrush","mguîn̲-guìib-tsár","Turdidae","Passeriformes",20.7,9,3.6,3.8,31.3,88.6,19.2,69.8,21.6,75,26.2,"Catharus occidentalis","Catharus occidentalis","Russet Nightingale-Thrush","Turdidae","Zapotec",97,"Passeriformes"
"98","Sayornis saya","Say's Phoebe","cùchguêr","Tyrannidae","Passeriformes",19.5,11.3,5.4,4.2,20.2,104.4,26.8,77.7,25.6,79.8,20.9,"Sayornis saya","Sayornis saya","Say's Phoebe","Tyrannidae","Zapotec",98,"Passeriformes"
"99","Buteo brachyurus","Short-tailed Hawk","msì","Accipitridae","Accipitriformes",31.1,17,10.4,14.9,53.8,307.6,90,213.3,29.7,171,496,"Buteo brachyurus","Buteo brachyurus","Short-tailed Hawk","Accipitridae","Zapotec",99,"Falconiformes"
"100","Myioborus miniatus","Slate-throated Redstart","mguîn̲-mâ-zhiàn","Parulidae","Passeriformes",11.9,7,4.1,3.3,17.7,63.6,10.6,52,17,64.9,9,"Myioborus miniatus","Myioborus miniatus","Slate-throated Redstart","Parulidae","Zapotec",100,"Passeriformes"
"101","Cyanocitta stelleri","Steller's Jay","cuǐl̲","Corvidae","Passeriformes",33.7,21.1,10.2,9.5,43,145.8,20,125.8,13.7,133.2,128,"Cyanocitta stelleri","Cyanocitta stelleri","Steller's Jay","Corvidae","Zapotec",101,"Passeriformes"
"102","Asio stygius","Stygian Owl","dǎm̲","Strigidae","Strigiformes",41.8,20.3,9.9,17.1,42.5,326.8,132.9,186.1,41.6,173.7,565,"Asio stygius","Asio stygius","Stygian Owl","Strigidae","Zapotec",102,"Strigiformes"
"103","Piranga rubra","Summer Tanager","mguěy","Cardinalidae","Passeriformes",19.2,13.3,8.4,9,19.5,92,27.9,67.4,29.2,71.3,29.1,"Piranga rubra","Piranga rubra","Summer Tanager","Thraupidae","Zapotec",103,"Passeriformes"
"104","Tyrannus crassirostris","Thick-billed Kingbird","cùchguêr","Tyrannidae","Passeriformes",30.1,20.6,12.6,10.3,19.7,126.3,36.3,88.3,29,96.8,55.9,"Tyrannus crassirostris","Tyrannus crassirostris","Thick-billed Kingbird","Tyrannidae","Zapotec",104,"Passeriformes"
"105","Setophaga townsendi","Townsend's Warbler","yěets","Parulidae","Passeriformes",12.4,7.4,3,3.2,18.2,63.8,17.7,46.1,27.8,49.5,8.8,"Dendroica townsendi","Dendroica townsendi","Townsend's Warbler","Parulidae","Zapotec",105,"Passeriformes"
"106","Cathartes aura","Turkey Vulture","pěch","Cathartidae","Cathartiformes",51.5,27.6,14.3,17.2,54,508.5,135.6,369,26.9,244,1518.2,"Cathartes aura","Cathartes aura","Turkey Vulture","Cathartidae","Zapotec",106,"Falconiformes"
"107","Pooecetes gramineus","Vesper Sparrow","wǐt","Passerellidae","Passeriformes",12,7.7,4.9,6.6,20.1,78.6,18.8,60,23.9,59.6,25.7,"Pooecetes gramineus","Pooecetes gramineus","Vesper Sparrow","Fringillidae","Zapotec",107,"Passeriformes"
"108","Tachycineta thalassina","Violet-green Swallow","xlútsǐ","Hirundinidae","Passeriformes",9.9,5,3.6,3,11.3,115.5,63.6,53,54.5,48.1,14.1,"Tachycineta thalassina","Tachycineta thalassina","Violet-green Swallow","Hirundinidae","Zapotec",108,"Passeriformes"
"109","Tyrannus verticalis","Western Kingbird","cùchguêr","Tyrannidae","Passeriformes",21.8,13.5,7.5,6.4,18.3,126.1,41.9,84.3,33.2,89.9,39.6,"Tyrannus verticalis","Tyrannus verticalis","Western Kingbird","Tyrannidae","Zapotec",109,"Passeriformes"
"110","Megascops trichopsis","Whiskered Screech-Owl","mquí","Strigidae","Strigiformes",19.7,9.8,5.1,10.1,24.9,148.8,36,112.7,24.2,77.2,88.3,"Megascops trichopsis","Otus trichopsis","Whiskered Owl","Strigidae","Zapotec",110,"Strigiformes"
"111","Basilinna leucotis","White-eared Hummingbird","dzǐn̲g","Trochilidae","Caprimulgiformes",18.6,14.3,2.4,1.9,3.2,54.3,37.1,17.2,68.4,33.4,3.4,"Hylocharis leucotis","Hylocharis leucotis","White-eared Hummingbird","Trochilidae","Zapotec",111,"Apodiformes"
"112","Lepidocolaptes leucogaster","White-striped Woodcreeper","ârbìtrò","Furnariidae","Passeriformes",36.1,28.1,4,5.6,21.5,115.5,31.9,83,27.8,102.4,36,"Lepidocolaptes leucogaster","Lepidocolaptes leucogaster","White-striped Woodcreeper","Dendrocolaptidae","Zapotec",112,"Passeriformes"
"113","Aeronautes saxatalis","White-throated Swift","xlútsǐ","Apodidae","Caprimulgiformes",7,3,2.9,2.5,10.6,140.3,98.2,42.1,69.8,63.7,32.1,"Aeronautes saxatalis","Aeronautes saxatalis","White-throated Swift","Apodidae","Zapotec",113,"Apodiformes"
"114","Melozone albicollis","White-throated Towhee","chûurr","Passerellidae","Passeriformes",16,10.6,6,8.4,26.6,81,9.7,71.3,11.9,89.2,46.4,"Pipilo albicollis","Pipilo albicollis","White-throated Towhee","Fringillidae","Zapotec",114,"Passeriformes"
"115","Leptotila verreauxi","White-tipped Dove","guiès-ró-yù","Columbidae","Columbiformes",19.5,10,3.6,4,27.7,136.7,29.8,104.6,22.1,102.1,146.9,"Leptotila verreauxi","Leptotila verreauxi","White-tipped Dove","Columbidae","Zapotec",115,"Columbiformes"
"116","Cardellina pusilla","Wilson's Warbler","yěets","Parulidae","Passeriformes",11.6,6.6,3.2,3.1,17.9,56.3,11.5,44.1,20.7,48.1,7,"Wilsonia pusilla","Wilsonia pusilla","Wilson's Warbler","Parulidae","Zapotec",116,"Passeriformes"
"117","Junco phaeonotus","Yellow-eyed Junco","mguîn̲-x-còl-nquǐts","Passerellidae","Passeriformes",12.9,8.2,4.6,5.9,21.4,77.7,16.6,61.3,21.2,68,20.4,"Junco phaeonotus","Junco phaeonotus","Mexican Junco","Fringillidae","Zapotec",117,"Passeriformes"
"118","Setophaga coronata","Yellow-rumped Warbler","wǐt","Parulidae","Passeriformes",13.1,7.2,3.3,3.4,18.7,73.8,18.8,55.2,25.4,56.5,11.9,"Dendroica coronata","Dendroica coronata","Yellow-rumped Warbler","Parulidae","Zapotec",118,"Passeriformes"
"119","Buteo albonotatus","Zone-tailed Hawk","msì","Accipitridae","Accipitriformes",35.1,21.1,12.7,16.9,70.4,398,159.7,236.7,40.3,217,745.9,"Buteo albonotatus","Buteo albonotatus","Zone-tailed Hawk","Accipitridae","Zapotec",119,"Falconiformes"
"120","Anser cygnoides","Swan Goose","gâns","Anatidae","Anseriformes",92.7,42.5,24.2,19.9,76.1,422.2,195,227.2,46.1,122.8,3511.9,"Anser cygnoides","Anser cygnoid","Swan Goose","Anatidae","Zapotec",120,"Anseriformes"
"121","Meleagris gallopavo","Wild Turkey","mèr","Phasianidae","Galliformes",48.6,25.9,17.6,15.3,149.2,448.8,115,332.5,26,351.2,5791.4,"Meleagris gallopavo","Meleagris gallopavo","Wild Turkey","Meleagrididae","Zapotec",121,"Galliformes"
"122","Gallus gallus","Red Jungle Fowl","nguǐd","Phasianidae","Galliformes",30.9,15.4,8.9,8.9,68.1,218.2,48.9,167.6,22.5,194,751.7,"Gallus gallus","Gallus gallus","Red Jungle Fowl","Phasianidae","Zapotec",122,"Galliformes"
"123","Turdus migratorius","American Robin","miân","Turdidae","Passeriformes",23.4,12.5,5.6,6.8,32.7,127,36.9,90.3,29,95.7,78.5,"Turdus migratorius","Turdus migratorius","American Robin","Turdidae","Zapotec",123,"Passeriformes"
"124","Sayornis nigricans","Black Phoebe","mguîn̲-guiùu","Tyrannidae","Passeriformes",18.1,9.9,5.9,4,17.4,86.3,19.4,68.9,22,77.2,18.6,"Sayornis nigricans","Sayornis nigricans","Black Phoebe","Tyrannidae","Zapotec",124,"Passeriformes"
"125","Molothrus aeneus","Bronzed Cowbird","sànât-bûrr","Icteridae","Passeriformes",20.6,13.9,5.7,9.1,27.6,104.8,25.4,76.4,24.9,74.8,62.6,"Molothrus aeneus","Molothrus aeneus","Bronzed Cowbird","Icteridae","Zapotec",125,"Passeriformes"
"126","Bubulcus ibis","Western Cattle Egret","gàrs","Ardeidae","Pelecaniformes",63.3,43.5,8.6,11.5,76.8,244.4,73,171.2,29.9,90.9,366,"Bubulcus ibis","Bubulcus ibis","Cattle Egret","Ardeidae","Zapotec",126,"Ciconiiformes"
"127","Myiarchus tuberculifer","Dusky-capped Flycatcher","mguîn̲-rchǔup","Tyrannidae","Passeriformes",21.1,12.9,7.1,5.2,20.1,80.4,15.5,66.8,18.8,76.5,17.7,"Myiarchus tuberculifer","Myiarchus tuberculifer","Olivaceous Flycatcher","Tyrannidae","Zapotec",127,"Passeriformes"
"128","Henicorhina leucophrys","Gray-breasted Wood-Wren","nguzhǐn","Troglodytidae","Passeriformes",16.8,9.9,3.2,3.4,24.1,53.6,4.5,48.5,8.5,29.8,16.2,"Henicorhina leucophrys","Henicorhina leucophrys","Gray-breasted Wood-Wren","Troglodytidae","Zapotec",128,"Passeriformes"
"129","Bubo virginianus","Great Horned Owl","dǎm̲","Strigidae","Strigiformes",42.2,22.5,14.9,22.8,70.1,351.7,112.9,240.9,32,188.4,1354.5,"Bubo virginianus","Bubo virginianus","Great Horned Owl","Strigidae","Zapotec",129,"Strigiformes"
"130","Passer domesticus","House Sparrow","mguîn̲-mòlîn","Passeridae","Passeriformes",13.5,9.1,6.3,7.4,17.9,74.9,20.4,54.4,27.3,57.2,26.5,"Passer domesticus","Passer domesticus","House Sparrow","Ploceidae","Zapotec",130,"Passeriformes"
"131","Troglodytes aedon","House Wren","nguzhǐn","Troglodytidae","Passeriformes",15.9,9.8,3,3.1,20.1,51.4,6.7,44.9,12.9,41.1,10.9,"Troglodytes aedon","Troglodytes aedon","Northern House Wren","Troglodytidae","Zapotec",131,"Passeriformes"
"132","Colibri thalassinus","Mexican Violetear","dzǐn̲g","Trochilidae","Caprimulgiformes",23.9,20,2,1.8,6.1,63,33.2,24.8,57.2,42,5.9,"Colibri thalassinus","Colibri thalassinus","Green Violetear","Trochilidae","Zapotec",132,"Apodiformes"
"133","Zenaida macroura","Mourning Dove","mézh","Columbidae","Columbiformes",19.6,9.3,2.7,3.4,19.6,144.4,53.1,91.6,36.6,122.2,118.9,"Zenaida macroura","Zenaida macroura","Mourning Dove","Columbidae","Zapotec",133,"Columbiformes"
"134","Colaptes auratus","Northern Flicker","mguîn̲-pliêgw","Picidae","Piciformes",40.2,29.4,8.5,7.9,28.7,156.9,38.3,119.2,24.3,109.5,131.5,"Colaptes auratus","Colaptes auratus","Common Flicker","Picidae","Zapotec",134,"Piciformes"
"135","Eugenes fulgens","Rivoli's Hummingbird","dzǐn̲g","Trochilidae","Caprimulgiformes",33.4,26,2.8,2.5,6.4,67.4,44,23.4,65.3,44.5,8,"Eugenes fulgens","Eugenes fulgens","Rivoli's Hummingbird","Trochilidae","Zapotec",135,"Apodiformes"
"136","Oxyura jamaicensis","Ruddy Duck","bǎd","Anatidae","Anseriformes",45.4,24.4,20.9,10.5,31.8,139.6,59.5,82.8,41.9,70.2,608.2,"Oxyura jamaicensis","Oxyura jamaicensis","Ruddy Duck","Anatidae","Zapotec",136,"Anseriformes"
"137","Accipiter striatus","Sharp-shinned Hawk","msì","Accipitridae","Accipitriformes",18.3,10.1,7.3,9.4,49.9,181.6,56.6,126.8,30.7,134.3,130.6,"Accipiter striatus","Accipiter striatus","Sharp-shinned Hawk","Accipitridae","Zapotec",137,"Falconiformes"
"138","Mitrephanes phaeocercus","Tufted Flycatcher","wǐt","Tyrannidae","Passeriformes",12.1,6.4,4.4,2.6,12.6,70,17.4,51.4,25.3,63,8.6,"Mitrephanes phaeocercus","Mitrephanes phaeocercus","Tufted Flycatcher","Tyrannidae","Zapotec",138,"Passeriformes"
"139","Vireo gilvus","Warbling Vireo","mtsùu","Vireonidae","Passeriformes",14.3,7.5,3.7,3.7,17.6,70.1,16.5,53.5,23.5,51.3,12.7,"Vireo gilvus","Vireo gilvus","Warbling Vireo","Vireonidae","Zapotec",139,"Passeriformes"
"140","Ortalis poliocephala","West Mexican Chachalaca","chìchàlác","Cracidae","Galliformes",33,17.3,10.1,11.2,76,260,25.2,233,9.9,291.8,760,"Ortalis poliocephala","Ortalis poliocephala","West Mexican Chachalaca","Cracidae","Zapotec",140,"Galliformes"
"141","Zenaida asiatica","White-winged Dove","còolíchè","Columbidae","Columbiformes",24,14.4,4.2,4.5,24.8,160.8,57,104.8,35.2,116.2,153,"Zenaida asiatica","Zenaida asiatica","White-winged Dove","Columbidae","Zapotec",141,"Columbiformes"
"142","Sphyrapicus varius","Yellow-bellied Sapsucker","càrpìntêr","Picidae","Piciformes",24.8,19.2,6.7,6.3,20.5,124.8,42.2,82.6,33.9,74,50.3,"Sphyrapicus varius","Sphyrapicus varius","Common Sapsucker","Picidae","Zapotec",142,"Piciformes"
"143","Patagioenas fasciata","Band-tailed Pigeon","pàlôm","Columbidae","Columbiformes",25.5,15.1,6,6.1,26.5,205.4,73.8,131.3,36,141.5,366.3,"Patagioenas fasciata","Columba fasciata","Band-tailed Pigeon","Columbidae","Zapotec",143,"Columbiformes"
"144","Vireo cassinii","Cassin's Vireo","mtsùu","Vireonidae","Passeriformes",14.7,7.7,4.1,4.3,19.3,73.6,20.5,53,27.9,51,14.7,"Vireo cassinii","Vireo solitarius","Solitary Vireo","Vireonidae","Zapotec",144,"Passeriformes"
"145","Arremon brunneinucha","Chestnut-capped Brushfinch","mguîn̲-wchǔup","Passerellidae","Passeriformes",19.5,11.8,6.1,7.4,28.8,80.8,7.5,74.9,9.1,84.7,44,"Arremon brunneinucha","Atlapetes brunneinucha","Chestnut-capped Brush-Finch","Fringillidae","Zapotec",145,"Passeriformes"
"146","Caracara plancus","Crested Caracara","mguîn̲-rlæ̌-dzìt","Falconidae","Falconiformes",44.6,30.3,14.5,23.7,81.9,380,101.7,276.8,26.7,205.7,1078.6,"Caracara cheriway","Caracara cheriway","Northern Crested Caracara","Falconidae","Zapotec",146,"Falconiformes"
"147","Antrostomus arizonae","Mexican Whip-poor-will","pùrpùrwít","Caprimulgidae","Caprimulgiformes",22.1,7.7,4.4,3,16.8,159.3,76.9,82.4,48.3,111.9,53.3,"Caprimulgus vociferus","Caprimulgus vociferus","Whip-poor-will","Caprimulgidae","Zapotec",147,"Caprimulgiformes"
"148","Circus hudsonius","Northern Harrier","msì","Accipitridae","Accipitriformes",31.1,17.2,10.1,13.2,82,360.9,161.1,199.8,44.7,212.9,393,"Circus cyaneus","Circus cyaneus","Marsh Hawk","Accipitridae","Zapotec",148,"Falconiformes"
"149","Stelgidopteryx serripennis","Northern Rough-winged Swallow","xlútsǐ","Hirundinidae","Passeriformes",10.4,4.8,3.4,2.5,11.1,107.2,54.7,53.1,50.7,47.6,15.7,"Stelgidopteryx serripennis","Stelgidopteryx ruficollis","Rough-winged Swallow","Hirundinidae","Zapotec",149,"Passeriformes"
"150","Vireo plumbeus","Plumbeous Vireo","mtsùu","Vireonidae","Passeriformes",14.8,7.8,4.2,4.9,19.1,77,22.7,56.6,28.6,56.7,16.4,"Vireo plumbeus","Vireo solitarius","Solitary Vireo","Vireonidae","Zapotec",150,"Passeriformes"
"151","Pipilo maculatus","Spotted Towhee","mguîn̲-wǐx","Passerellidae","Passeriformes",17.2,10.3,5.9,8,27.9,84.3,11.8,74,13.7,97.6,39.3,"Pipilo maculatus","Pipilo erythrophthalmus","Rufous-sided Towhee","Fringillidae","Zapotec",151,"Passeriformes"
"152","Aphelocoma woodhouseii","Woodhouse's Scrub-Jay","cuǐl̲","Corvidae","Passeriformes",33.2,21.6,8.6,8.9,40.6,127.7,19.4,108.3,15.2,134.2,90.2,"Aphelocoma insularis","Aphelocoma ultramarina","Mexican Jay","Corvidae","Zapotec",152,"Passeriformes"
